{
  "type": "competitive_benchmark_matrix_stabilized",
  "ts": "2026-03-19T07:21:17Z",
  "method": {
    "warmup_runs": 2,
    "measured_runs": 9,
    "aggregation": "median",
    "notes": "Generated via repeated target/release/protheus-ops benchmark-matrix runs under low-background load."
  },
  "medians": {
    "rich": {
      "cold_start_ms": 4.492,
      "idle_memory_mb": 8.172,
      "install_size_mb": 14.249,
      "tasks_per_sec": 145474.92
    },
    "pure": {
      "cold_start_ms": 1.593583,
      "idle_memory_mb": 1.34375,
      "install_size_mb": 0.67,
      "tasks_per_sec": 145474.92
    },
    "tiny_max": {
      "cold_start_ms": 1.6419169999999998,
      "idle_memory_mb": 1.34375,
      "install_size_mb": 0.483,
      "tasks_per_sec": 145474.92
    }
  },
  "full_summary": {
    "rich": {
      "cold": {
        "min": 3.873,
        "max": 5.503,
        "mean": 4.528111111111111,
        "median": 4.492
      },
      "idle": {
        "min": 8.172,
        "max": 8.172,
        "mean": 8.172,
        "median": 8.172
      },
      "install": {
        "min": 14.249,
        "max": 14.249,
        "mean": 14.249000000000002,
        "median": 14.249
      },
      "tps": {
        "min": 141328.56,
        "max": 145630.89,
        "mean": 145022.28,
        "median": 145474.92
      }
    },
    "pure": {
      "cold": {
        "min": 1.5419159999999998,
        "max": 2.337625,
        "mean": 1.6695692222222223,
        "median": 1.593583
      },
      "idle": {
        "min": 1.34375,
        "max": 1.34375,
        "mean": 1.34375,
        "median": 1.34375
      },
      "install": {
        "min": 0.67,
        "max": 0.67,
        "mean": 0.67,
        "median": 0.67
      },
      "tps": {
        "min": 141328.56,
        "max": 145630.89,
        "mean": 145022.28,
        "median": 145474.92
      }
    },
    "tiny": {
      "cold": {
        "min": 1.5479999999999998,
        "max": 2.103709,
        "mean": 1.6768983333333332,
        "median": 1.6419169999999998
      },
      "idle": {
        "min": 1.34375,
        "max": 1.34375,
        "mean": 1.34375,
        "median": 1.34375
      },
      "install": {
        "min": 0.483,
        "max": 0.483,
        "mean": 0.48299999999999993,
        "median": 0.483
      },
      "tps": {
        "min": 141328.56,
        "max": 145630.89,
        "mean": 145022.28,
        "median": 145474.92
      }
    }
  },
  "source_runs": [
    "run-3.json",
    "run-4.json",
    "run-5.json",
    "run-6.json",
    "run-7.json",
    "run-8.json",
    "run-9.json",
    "run-10.json",
    "run-11.json"
  ],
  "environment": {
    "arch": "arm64",
    "cpu_parallelism": 8,
    "git_revision": "d5b3afa9649fda11769dc4962845f36f353a4590",
    "os": "macos",
    "rustc_version": "rustc 1.93.1 (01f6ddf75 2026-02-11)",
    "workload_id": "live_hash_workload_v1"
  },
  "latest_live_report": "docs/client/reports/benchmark_matrix_run_2026-03-06.json"
}
