{
  "type": "competitive_benchmark_matrix_stabilized",
  "ts": "2026-03-19T06:03:36.505Z",
  "method": {
    "warmup_runs": 2,
    "measured_runs": 9,
    "aggregation": "median",
    "notes": "Generated via repeated target/release/protheus-ops benchmark-matrix runs under low-background load."
  },
  "medians": {
    "rich": {
      "cold_start_ms": 4.567,
      "idle_memory_mb": 8.266,
      "install_size_mb": 14.216,
      "tasks_per_sec": 141294.34
    },
    "pure": {
      "cold_start_ms": 1.730583,
      "idle_memory_mb": 1.34375,
      "install_size_mb": 0.67,
      "tasks_per_sec": 141294.34
    },
    "tiny_max": {
      "cold_start_ms": 1.824917,
      "idle_memory_mb": 1.34375,
      "install_size_mb": 0.483,
      "tasks_per_sec": 141294.34
    }
  },
  "full_summary": {
    "rich": {
      "cold": {
        "min": 4.281,
        "max": 4.91,
        "mean": 4.556777777777778,
        "median": 4.567
      },
      "idle": {
        "min": 8.266,
        "max": 8.297,
        "mean": 8.269444444444444,
        "median": 8.266
      },
      "install": {
        "min": 14.216,
        "max": 14.216,
        "mean": 14.215999999999998,
        "median": 14.216
      },
      "tps": {
        "min": 139356.4,
        "max": 142950.54,
        "mean": 141253.52555555556,
        "median": 141294.34
      }
    },
    "pure": {
      "cold": {
        "min": 1.6575,
        "max": 1.8673749999999998,
        "mean": 1.7418656666666665,
        "median": 1.730583
      },
      "idle": {
        "min": 1.34375,
        "max": 1.34375,
        "mean": 1.34375,
        "median": 1.34375
      },
      "install": {
        "min": 0.67,
        "max": 0.67,
        "mean": 0.67,
        "median": 0.67
      },
      "tps": {
        "min": 139356.4,
        "max": 142950.54,
        "mean": 141253.52555555556,
        "median": 141294.34
      }
    },
    "tiny": {
      "cold": {
        "min": 1.704125,
        "max": 2.388542,
        "mean": 1.8905556666666667,
        "median": 1.824917
      },
      "idle": {
        "min": 1.34375,
        "max": 1.34375,
        "mean": 1.34375,
        "median": 1.34375
      },
      "install": {
        "min": 0.483,
        "max": 0.483,
        "mean": 0.48300000000000004,
        "median": 0.483
      },
      "tps": {
        "min": 139356.4,
        "max": 142950.54,
        "mean": 141253.52555555556,
        "median": 141294.34
      }
    }
  },
  "source_runs": [
    "run-3.json",
    "run-4.json",
    "run-5.json",
    "run-6.json",
    "run-7.json",
    "run-8.json",
    "run-9.json",
    "run-10.json",
    "run-11.json"
  ],
  "environment": {
    "arch": "aarch64",
    "cpu_parallelism": 8,
    "git_revision": "116ab0f5b21c255504017c0ea341ff26412decab",
    "os": "macos",
    "rustc_version": "rustc 1.93.1 (01f6ddf75 2026-02-11)",
    "workload_id": "live_hash_workload_v1"
  },
  "latest_live_report": "docs/client/reports/benchmark_matrix_run_2026-03-06.json"
}
