{
  "type": "competitive_benchmark_matrix_stabilized",
  "ts": "2026-03-18T17:04:05.128Z",
  "method": {
    "warmup_runs": 2,
    "measured_runs": 9,
    "aggregation": "median",
    "notes": "Generated via repeated target/release/protheus-ops benchmark-matrix runs under low-background load."
  },
  "medians": {
    "rich": {
      "cold_start_ms": 11.993,
      "idle_memory_mb": 8.172,
      "install_size_mb": 11.637,
      "tasks_per_sec": 65938.85
    },
    "pure": {
      "cold_start_ms": 4.123792,
      "idle_memory_mb": 1.359375,
      "install_size_mb": 0.67,
      "tasks_per_sec": 65938.85
    },
    "tiny_max": {
      "cold_start_ms": 3.107334,
      "idle_memory_mb": 1.359375,
      "install_size_mb": 0.483,
      "tasks_per_sec": 65938.85
    }
  },
  "full_summary": {
    "rich": {
      "cold": {
        "min": 6.916,
        "max": 32.852,
        "mean": 13.901444444444444,
        "median": 11.993
      },
      "idle": {
        "min": 8.156,
        "max": 8.172,
        "mean": 8.170222222222222,
        "median": 8.172
      },
      "install": {
        "min": 11.637,
        "max": 11.637,
        "mean": 11.637,
        "median": 11.637
      },
      "tps": {
        "min": 45412.66,
        "max": 81939.88,
        "mean": 63967.647777777776,
        "median": 65938.85
      }
    },
    "pure": {
      "cold": {
        "min": 3.017584,
        "max": 7.509792,
        "mean": 5.155425999999999,
        "median": 4.123792
      },
      "idle": {
        "min": 1.359375,
        "max": 1.359375,
        "mean": 1.359375,
        "median": 1.359375
      },
      "install": {
        "min": 0.67,
        "max": 0.67,
        "mean": 0.67,
        "median": 0.67
      },
      "tps": {
        "min": 45412.66,
        "max": 81939.88,
        "mean": 63967.647777777776,
        "median": 65938.85
      }
    },
    "tiny": {
      "cold": {
        "min": 2.677791,
        "max": 6.2942919999999996,
        "mean": 3.4209538888888886,
        "median": 3.107334
      },
      "idle": {
        "min": 1.359375,
        "max": 1.359375,
        "mean": 1.359375,
        "median": 1.359375
      },
      "install": {
        "min": 0.483,
        "max": 0.483,
        "mean": 0.48300000000000004,
        "median": 0.483
      },
      "tps": {
        "min": 45412.66,
        "max": 81939.88,
        "mean": 63967.647777777776,
        "median": 65938.85
      }
    }
  },
  "source_runs": [
    "run-3.json",
    "run-4.json",
    "run-5.json",
    "run-6.json",
    "run-7.json",
    "run-8.json",
    "run-9.json",
    "run-10.json",
    "run-11.json"
  ],
  "environment": {
    "arch": "aarch64",
    "cpu_parallelism": 8,
    "git_revision": "e0d19f4ad6f0f764565e13480cf9f84e33c5dd37",
    "os": "macos",
    "rustc_version": "rustc 1.93.1 (01f6ddf75 2026-02-11)",
    "workload_id": "live_hash_workload_v1"
  },
  "latest_live_report": "docs/client/reports/benchmark_matrix_run_2026-03-06.json"
}
